Workbook

Sheet Guide
A1: AI Pattern Scoring Workbook
A2: WORKED EXAMPLE (illustrative figures). For a blank copy use ai-pattern-scoring.xlsx
A4: How to use
A5: 1. Problem | B5: Rate the problem first: consequence (E), regulatory (R), budget, service level, team capacity, data readiness. Choose a weight profile and up to three candidate patterns.
A6: 2. Gates | B6: Mark each gate PASS / FAIL / PENDING per candidate. Hints compare the pattern's published ratings with the problem profile; they suggest, you decide. Any FAIL eliminates the candidate.
A7: 3. Weights | B7: Weights come from the selected profile. For 'Custom', fill the Custom column (must total 100) and record the reason.
A8: 4. Scoring | B8: Score each criterion 1–5 using the anchors, with evidence. The Results block computes the weighted score (20–100), applies the task-fit cap and low-score rule, and ranks eligible candidates.
A9: 5. Validation | B9: Bake-off of the top two: enter targets and results. A candidate under the task-fit cap may be selected only if it meets the quality target here.
A10: 6. PIR | B10: Post-implementation review 3–6 months after go-live: estimates vs actuals. Material variances feed back into the pattern ratings.
A11: Legend
A12: Yellow fill, blue text | B12: Input cells: edit these only.
A13: Black text | B13: Formulas: do not overwrite.
A14: Green text | B14: Links pulled from another sheet.
A15: Rules applied
A16: Gates | B16: Never averaged into the score. A FAIL eliminates; PENDING keeps the verdict 'Gates incomplete'.
A17: Bands | B17: ≥ 75 strong fit · 60–74 acceptable with mitigations recorded · < 60 poor fit.
A18: Task-fit cap | B18: W1 ≤ 2 → cannot be selected on weighted score alone; bake-off must meet the quality target.
A19: Low-score rule | B19: Any score of 1 on a criterion weighted ≥ 10 needs a mitigation or explicit acceptance in the selection record.
A20: Close calls | B20: Top two eligible scores within 5 points are a tie: decide on bake-off evidence and prefer the lower-complexity pattern.

Sheet Problem
A1: Stage 0: Problem profile
A2: Rate the problem before the patterns. Yellow cells are inputs.
A4: Attribute | B4: Value | C4: Notes / evidence
A5: Solution / owner | B5: Procurement supplier-risk assistant / Head of Procurement Ops
A6: Date / version | B6: Worked example (illustrative)
A7: Scored by | B7: Solution architect, security architect, procurement lead | C7: Solution architect + security architect; business owner for task fit and value
A8: Weight profile | B8: Default | C8: Default / Regulated / Customer scale / Prototype / Custom
A9: Consequence of error | B9: E3 | C9: E1 low · E2 moderate · E3 high · E4 critical (§0.6.1)
A10: Regulatory profile | B10: R1 | C10: R0 minimal · R1 transparency · R2 high-risk · R3 prohibited (§0.6.7)
A11: Data classification / residency | B11: Confidential; EU residency
A12: Budget band | B12: B2 | C12: B1 <$1k · B2 $1–10k · B3 $10–50k · B4 >$50k per month
A13: Expected volume (today / at 10×) | B13: ~3k questions/month; 30k at 10×
A14: Service level tier | B14: SL2 | C14: SL0–SL3 (§0.3)
A15: Team complexity capacity | B15: C2 | C15: C1–C4 (§0.2)
A16: Data prerequisites (Ready / Partial / Absent each) | B16: Supplier master data: Ready (Snowflake). Contracts: Partial. Ontology owner: Partial (steward funded)
A17: Reviewer capacity (hours/week) | B17: 12
A18: Value baseline exists? | B18: Sampled | C18: Yes / Sampled / No
A19: Task shape | B19: Multi-hop | C19: Single-shot / Document / Multi-hop / Metric / Process / Open-ended / Prediction
A21: Candidate patterns | B21: Pattern (choose from list) | C21: Why it is a candidate
A22: Candidate A | B22: P04 Managed RAG (Bedrock Knowledge Bases) | C22: Lightest plausible pattern
A23: Candidate B | B23: P06 Knowledge graph RAG with Neo4j | C23: Multi-hop questions over supplier/product/customer relationships
A24: Candidate C | B24: P08 Tool-using agent (bounded autonomy) | C24: Conversational exploration across sources

Sheet Gates
A1: Stage 1: Gates (pass / fail)
A2: A FAIL eliminates the candidate. Hints are suggestions from the published ratings; the reviewer decides.
D3: =IF(Problem!$B$22="","Candidate A",Problem!$B$22) -> P04 Managed RAG (Bedrock Knowledge Bases) | G3: =IF(Problem!$B$23="","Candidate B",Problem!$B$23) -> P06 Knowledge graph RAG with Neo4j | J3: =IF(Problem!$B$24="","Candidate C",Problem!$B$24) -> P08 Tool-using agent (bounded autonomy)
A4: Gate | B4: Name | C4: Pass when… | D4: Result | E4: Hint | F4: Evidence | G4: Result | H4: Hint | I4: Evidence | J4: Result | K4: Hint | L4: Evidence
A5: G1 | B5: Classification and residency | C5: Model access (incl. cross-region inference Regions), stores and platforms satisfy classification and residency | D5: PASS | E5: =IF(Problem!$B$22="","","Manual assessment") -> Manual assessment | G5: PASS | H5: =IF(Problem!$B$23="","","Manual assessment") -> Manual assessment | J5: PASS | K5: =IF(Problem!$B$24="","","Manual assessment") -> Manual assessment
A6: G2 | B6: Service level feasibility | C6: Composite availability of the serial path meets the tier; degraded mode exists for SL2+ | D6: PASS | E6: =IF(Problem!$B$22="","",IFERROR(IF(VALUE(RIGHT(Problem!$B$14,1))<=INDEX('Pattern Ratings'!$R$5:$R$15,MATCH(Problem!$B$22,'Pattern Ratings'!$C$5:$C$15,0)),"OK: pattern reaches SL"&INDEX('Pattern Ratings'!$R$5:$R$15,MATCH(Problem!$B$22,'Pattern Ratings'!$C$5:$C$15,0)),"LIKELY FAIL: pattern max is SL"&INDEX('Pattern Ratings'!$R$5:$R$15,MATCH(Problem!$B$22,'Pattern Ratings'!$C$5:$C$15,0))),"Set service level tier")) -> OK: pattern reaches SL2 | G6: PASS | H6: =IF(Problem!$B$23="","",IFERROR(IF(VALUE(RIGHT(Problem!$B$14,1))<=INDEX('Pattern Ratings'!$R$5:$R$15,MATCH(Problem!$B$23,'Pattern Ratings'!$C$5:$C$15,0)),"OK: pattern reaches SL"&INDEX('Pattern Ratings'!$R$5:$R$15,MATCH(Problem!$B$23,'Pattern Ratings'!$C$5:$C$15,0)),"LIKELY FAIL: pattern max is SL"&INDEX('Pattern Ratings'!$R$5:$R$15,MATCH(Problem!$B$23,'Pattern Ratings'!$C$5:$C$15,0))),"Set service level tier")) -> OK: pattern reaches SL3 | J6: PASS | K6: =IF(Problem!$B$24="","",IFERROR(IF(VALUE(RIGHT(Problem!$B$14,1))<=INDEX('Pattern Ratings'!$R$5:$R$15,MATCH(Problem!$B$24,'Pattern Ratings'!$C$5:$C$15,0)),"OK: pattern reaches SL"&INDEX('Pattern Ratings'!$R$5:$R$15,MATCH(Problem!$B$24,'Pattern Ratings'!$C$5:$C$15,0)),"LIKELY FAIL: pattern max is SL"&INDEX('Pattern Ratings'!$R$5:$R$15,MATCH(Problem!$B$24,'Pattern Ratings'!$C$5:$C$15,0))),"Set service level tier")) -> OK: pattern reaches SL2
A7: G3 | B7: Consequence of error | C7: Pattern's max E-level ≥ problem's E-level, with the stated controls in the design | D7: PASS | E7: =IF(Problem!$B$22="","",IF(NOT(ISNUMBER(INDEX('Pattern Ratings'!$S$5:$S$15,MATCH(Problem!$B$22,'Pattern Ratings'!$C$5:$C$15,0)))),"CHECK: inherits host pattern",IFERROR(IF(VALUE(RIGHT(Problem!$B$9,1))<=INDEX('Pattern Ratings'!$S$5:$S$15,MATCH(Problem!$B$22,'Pattern Ratings'!$C$5:$C$15,0)),"OK with the pattern's stated controls","LIKELY FAIL: pattern supports up to E"&INDEX('Pattern Ratings'!$S$5:$S$15,MATCH(Problem!$B$22,'Pattern Ratings'!$C$5:$C$15,0))),"Set consequence level"))) -> OK with the pattern's stated controls | G7: PASS | H7: =IF(Problem!$B$23="","",IF(NOT(ISNUMBER(INDEX('Pattern Ratings'!$S$5:$S$15,MATCH(Problem!$B$23,'Pattern Ratings'!$C$5:$C$15,0)))),"CHECK: inherits host pattern",IFERROR(IF(VALUE(RIGHT(Problem!$B$9,1))<=INDEX('Pattern Ratings'!$S$5:$S$15,MATCH(Problem!$B$23,'Pattern Ratings'!$C$5:$C$15,0)),"OK with the pattern's stated controls","LIKELY FAIL: pattern supports up to E"&INDEX('Pattern Ratings'!$S$5:$S$15,MATCH(Problem!$B$23,'Pattern Ratings'!$C$5:$C$15,0))),"Set consequence level"))) -> OK with the pattern's stated controls | J7: PASS | K7: =IF(Problem!$B$24="","",IF(NOT(ISNUMBER(INDEX('Pattern Ratings'!$S$5:$S$15,MATCH(Problem!$B$24,'Pattern Ratings'!$C$5:$C$15,0)))),"CHECK: inherits host pattern",IFERROR(IF(VALUE(RIGHT(Problem!$B$9,1))<=INDEX('Pattern Ratings'!$S$5:$S$15,MATCH(Problem!$B$24,'Pattern Ratings'!$C$5:$C$15,0)),"OK with the pattern's stated controls","LIKELY FAIL: pattern supports up to E"&INDEX('Pattern Ratings'!$S$5:$S$15,MATCH(Problem!$B$24,'Pattern Ratings'!$C$5:$C$15,0))),"Set consequence level"))) -> OK with the pattern's stated controls
A8: G4 | B8: Regulatory profile | C8: Pattern supports the problem's R-level; R3 fails all | D8: PASS | E8: =IF(Problem!$B$22="","",IF(Problem!$B$10="R3","FAIL: prohibited use",IF(NOT(ISNUMBER(INDEX('Pattern Ratings'!$T$5:$T$15,MATCH(Problem!$B$22,'Pattern Ratings'!$C$5:$C$15,0)))),"CHECK: inherits host pattern",IFERROR(IF(VALUE(RIGHT(Problem!$B$10,1))<=INDEX('Pattern Ratings'!$T$5:$T$15,MATCH(Problem!$B$22,'Pattern Ratings'!$C$5:$C$15,0)),"OK with the pattern's stated controls","LIKELY FAIL: pattern supports up to R"&INDEX('Pattern Ratings'!$T$5:$T$15,MATCH(Problem!$B$22,'Pattern Ratings'!$C$5:$C$15,0))),"Set regulatory profile")))) -> OK with the pattern's stated controls | G8: PASS | H8: =IF(Problem!$B$23="","",IF(Problem!$B$10="R3","FAIL: prohibited use",IF(NOT(ISNUMBER(INDEX('Pattern Ratings'!$T$5:$T$15,MATCH(Problem!$B$23,'Pattern Ratings'!$C$5:$C$15,0)))),"CHECK: inherits host pattern",IFERROR(IF(VALUE(RIGHT(Problem!$B$10,1))<=INDEX('Pattern Ratings'!$T$5:$T$15,MATCH(Problem!$B$23,'Pattern Ratings'!$C$5:$C$15,0)),"OK with the pattern's stated controls","LIKELY FAIL: pattern supports up to R"&INDEX('Pattern Ratings'!$T$5:$T$15,MATCH(Problem!$B$23,'Pattern Ratings'!$C$5:$C$15,0))),"Set regulatory profile")))) -> OK with the pattern's stated controls | J8: PASS | K8: =IF(Problem!$B$24="","",IF(Problem!$B$10="R3","FAIL: prohibited use",IF(NOT(ISNUMBER(INDEX('Pattern Ratings'!$T$5:$T$15,MATCH(Problem!$B$24,'Pattern Ratings'!$C$5:$C$15,0)))),"CHECK: inherits host pattern",IFERROR(IF(VALUE(RIGHT(Problem!$B$10,1))<=INDEX('Pattern Ratings'!$T$5:$T$15,MATCH(Problem!$B$24,'Pattern Ratings'!$C$5:$C$15,0)),"OK with the pattern's stated controls","LIKELY FAIL: pattern supports up to R"&INDEX('Pattern Ratings'!$T$5:$T$15,MATCH(Problem!$B$24,'Pattern Ratings'!$C$5:$C$15,0))),"Set regulatory profile")))) -> OK with the pattern's stated controls
A9: G5 | B9: Fixed floor | C9: Fixed floor at the required service level fits the budget band | D9: PASS | E9: =IF(Problem!$B$22="","",IFERROR(IF(INDEX('Pattern Ratings'!$P$5:$P$15,MATCH(Problem!$B$22,'Pattern Ratings'!$C$5:$C$15,0))<=VALUE(RIGHT(Problem!$B$12,1)),"OK: floor typically fits","CHECK: floor typically needs B"&INDEX('Pattern Ratings'!$P$5:$P$15,MATCH(Problem!$B$22,'Pattern Ratings'!$C$5:$C$15,0))&" or above"),"Set budget band")) -> OK: floor typically fits | G9: PASS | H9: =IF(Problem!$B$23="","",IFERROR(IF(INDEX('Pattern Ratings'!$P$5:$P$15,MATCH(Problem!$B$23,'Pattern Ratings'!$C$5:$C$15,0))<=VALUE(RIGHT(Problem!$B$12,1)),"OK: floor typically fits","CHECK: floor typically needs B"&INDEX('Pattern Ratings'!$P$5:$P$15,MATCH(Problem!$B$23,'Pattern Ratings'!$C$5:$C$15,0))&" or above"),"Set budget band")) -> OK: floor typically fits | J9: PASS | K9: =IF(Problem!$B$24="","",IFERROR(IF(INDEX('Pattern Ratings'!$P$5:$P$15,MATCH(Problem!$B$24,'Pattern Ratings'!$C$5:$C$15,0))<=VALUE(RIGHT(Problem!$B$12,1)),"OK: floor typically fits","CHECK: floor typically needs B"&INDEX('Pattern Ratings'!$P$5:$P$15,MATCH(Problem!$B$24,'Pattern Ratings'!$C$5:$C$15,0))&" or above"),"Set budget band")) -> OK: floor typically fits
A10: G6 | B10: Data prerequisites | C10: No prerequisite Absent; every Partial has an owner and a funded plan | D10: PASS | E10: =IF(Problem!$B$22="","","Manual assessment") -> Manual assessment | G10: PASS | H10: =IF(Problem!$B$23="","","Manual assessment") -> Manual assessment | J10: PASS | K10: =IF(Problem!$B$24="","","Manual assessment") -> Manual assessment
A11: G7 | B11: Operability | C11: Team can build and run the complexity level (or funded support), incl. on-call for SL2+ | D11: PASS | E11: =IF(Problem!$B$22="","",IFERROR(IF(INDEX('Pattern Ratings'!$Q$5:$Q$15,MATCH(Problem!$B$22,'Pattern Ratings'!$C$5:$C$15,0))<=VALUE(RIGHT(Problem!$B$15,1)),"OK: within team capacity",IF(INDEX('Pattern Ratings'!$Q$5:$Q$15,MATCH(Problem!$B$22,'Pattern Ratings'!$C$5:$C$15,0))-VALUE(RIGHT(Problem!$B$15,1))=1,"CHECK: 1 level above; needs funded support","LIKELY FAIL: "&(INDEX('Pattern Ratings'!$Q$5:$Q$15,MATCH(Problem!$B$22,'Pattern Ratings'!$C$5:$C$15,0))-VALUE(RIGHT(Problem!$B$15,1)))&" levels above capacity")),"Set team capacity")) -> OK: within team capacity | G11: PASS | H11: =IF(Problem!$B$23="","",IFERROR(IF(INDEX('Pattern Ratings'!$Q$5:$Q$15,MATCH(Problem!$B$23,'Pattern Ratings'!$C$5:$C$15,0))<=VALUE(RIGHT(Problem!$B$15,1)),"OK: within team capacity",IF(INDEX('Pattern Ratings'!$Q$5:$Q$15,MATCH(Problem!$B$23,'Pattern Ratings'!$C$5:$C$15,0))-VALUE(RIGHT(Problem!$B$15,1))=1,"CHECK: 1 level above; needs funded support","LIKELY FAIL: "&(INDEX('Pattern Ratings'!$Q$5:$Q$15,MATCH(Problem!$B$23,'Pattern Ratings'!$C$5:$C$15,0))-VALUE(RIGHT(Problem!$B$15,1)))&" levels above capacity")),"Set team capacity")) -> CHECK: 1 level above; needs funded support | I11: C3 vs C2 team: six months of Neo4j specialist support funded | J11: FAIL | K11: =IF(Problem!$B$24="","",IFERROR(IF(INDEX('Pattern Ratings'!$Q$5:$Q$15,MATCH(Problem!$B$24,'Pattern Ratings'!$C$5:$C$15,0))<=VALUE(RIGHT(Problem!$B$15,1)),"OK: within team capacity",IF(INDEX('Pattern Ratings'!$Q$5:$Q$15,MATCH(Problem!$B$24,'Pattern Ratings'!$C$5:$C$15,0))-VALUE(RIGHT(Problem!$B$15,1))=1,"CHECK: 1 level above; needs funded support","LIKELY FAIL: "&(INDEX('Pattern Ratings'!$Q$5:$Q$15,MATCH(Problem!$B$24,'Pattern Ratings'!$C$5:$C$15,0))-VALUE(RIGHT(Problem!$B$15,1)))&" levels above capacity")),"Set team capacity")) -> CHECK: 1 level above; needs funded support | L11: No agent evaluation capability; no on-call for C3–C4. Revisit in phase 2
C13: Gate status | D13: =IF(COUNTIF(D5:D11,"FAIL")>0,"ELIMINATED",IF(COUNTIF(D5:D11,"PASS")=7,"ALL PASS","INCOMPLETE")) -> ALL PASS | G13: =IF(COUNTIF(G5:G11,"FAIL")>0,"ELIMINATED",IF(COUNTIF(G5:G11,"PASS")=7,"ALL PASS","INCOMPLETE")) -> ALL PASS | J13: =IF(COUNTIF(J5:J11,"FAIL")>0,"ELIMINATED",IF(COUNTIF(J5:J11,"PASS")=7,"ALL PASS","INCOMPLETE")) -> ELIMINATED
C14: PASS marked against a LIKELY FAIL / FAIL hint | D14: =IF(SUMPRODUCT((D5:D11="PASS")*((LEFT(E5:E11,6)="LIKELY")+(LEFT(E5:E11,4)="FAIL")))=0,"None",SUMPRODUCT((D5:D11="PASS")*((LEFT(E5:E11,6)="LIKELY")+(LEFT(E5:E11,4)="FAIL")))&" – justify in Evidence") -> None | G14: =IF(SUMPRODUCT((G5:G11="PASS")*((LEFT(H5:H11,6)="LIKELY")+(LEFT(H5:H11,4)="FAIL")))=0,"None",SUMPRODUCT((G5:G11="PASS")*((LEFT(H5:H11,6)="LIKELY")+(LEFT(H5:H11,4)="FAIL")))&" – justify in Evidence") -> None | J14: =IF(SUMPRODUCT((J5:J11="PASS")*((LEFT(K5:K11,6)="LIKELY")+(LEFT(K5:K11,4)="FAIL")))=0,"None",SUMPRODUCT((J5:J11="PASS")*((LEFT(K5:K11,6)="LIKELY")+(LEFT(K5:K11,4)="FAIL")))&" – justify in Evidence") -> None

Sheet Weights
A1: Weight profiles
A2: Selected profile is set on the Problem sheet. Only the Custom column is editable.
A4: # | B4: Criterion | C4: Default | D4: Regulated | E4: Customer scale | F4: Prototype | G4: Custom | H4: Selected
A5: W1 | B5: Task fit | C5: 15 | D5: 15 | E5: 15 | F5: 20 | H5: =IFERROR(INDEX(C5:G5,MATCH(Problem!$B$8,$C$4:$G$4,0)),0) -> 15
A6: W2 | B6: Unit cost and elasticity | C6: 10 | D6: 5 | E6: 20 | F6: 5 | H6: =IFERROR(INDEX(C6:G6,MATCH(Problem!$B$8,$C$4:$G$4,0)),0) -> 10
A7: W3 | B7: Complexity against team capacity | C7: 10 | D7: 5 | E7: 5 | F7: 15 | H7: =IFERROR(INDEX(C7:G7,MATCH(Problem!$B$8,$C$4:$G$4,0)),0) -> 10
A8: W4 | B8: Service level headroom | C8: 10 | D8: 5 | E8: 20 | F8: 0 | H8: =IFERROR(INDEX(C8:G8,MATCH(Problem!$B$8,$C$4:$G$4,0)),0) -> 10
A9: W5 | B9: Data readiness gap | C9: 10 | D9: 10 | E9: 5 | F9: 15 | H9: =IFERROR(INDEX(C9:G9,MATCH(Problem!$B$8,$C$4:$G$4,0)),0) -> 10
A10: W6 | B10: Evaluability | C10: 10 | D10: 15 | E10: 10 | F10: 10 | H10: =IFERROR(INDEX(C10:G10,MATCH(Problem!$B$8,$C$4:$G$4,0)),0) -> 10
A11: W7 | B11: Explainability and auditability | C11: 10 | D11: 20 | E11: 5 | F11: 0 | H11: =IFERROR(INDEX(C11:G11,MATCH(Problem!$B$8,$C$4:$G$4,0)),0) -> 10
A12: W8 | B12: Lock-in / exit cost | C12: 5 | D12: 5 | E12: 5 | F12: 5 | H12: =IFERROR(INDEX(C12:G12,MATCH(Problem!$B$8,$C$4:$G$4,0)),0) -> 5
A13: W9 | B13: Model-change resilience | C13: 5 | D13: 5 | E13: 10 | F13: 0 | H13: =IFERROR(INDEX(C13:G13,MATCH(Problem!$B$8,$C$4:$G$4,0)),0) -> 5
A14: W10 | B14: Human review load against capacity | C14: 5 | D14: 10 | E14: 0 | F14: 0 | H14: =IFERROR(INDEX(C14:G14,MATCH(Problem!$B$8,$C$4:$G$4,0)),0) -> 5
A15: W11 | B15: Time to value | C15: 5 | D15: 0 | E15: 0 | F15: 25 | H15: =IFERROR(INDEX(C15:G15,MATCH(Problem!$B$8,$C$4:$G$4,0)),0) -> 5
A16: W12 | B16: Value measurability | C16: 5 | D16: 5 | E16: 5 | F16: 5 | H16: =IFERROR(INDEX(C16:G16,MATCH(Problem!$B$8,$C$4:$G$4,0)),0) -> 5
B17: Total (must be 100) | C17: =SUM(C5:C16) -> 100 | D17: =SUM(D5:D16) -> 100 | E17: =SUM(E5:E16) -> 100 | F17: =SUM(F5:F16) -> 100 | G17: =SUM(G5:G16) -> 0 | H17: =SUM(H5:H16) -> 100
B18: Check | H18: =IF(H17=100,"OK","Weights total "&H17&", must be 100") -> OK
B20: Reason for Custom weights

Sheet Scoring
A1: Stage 2: Weighted fit
A2: Score 1–5 per criterion for fit to THIS problem (5 = best), with evidence.
G4: =IF(Problem!$B$22="","Candidate A",Problem!$B$22) -> P04 Managed RAG (Bedrock Knowledge Bases) | I4: =IF(Problem!$B$23="","Candidate B",Problem!$B$23) -> P06 Knowledge graph RAG with Neo4j | K4: =IF(Problem!$B$24="","Candidate C",Problem!$B$24) -> P08 Tool-using agent (bounded autonomy)
A5: # | B5: Criterion | C5: 1 = poor fit | D5: 3 = adequate | E5: 5 = strong fit | F5: Weight | G5: Score | H5: Evidence | I5: Score | J5: Evidence | K5: Score | L5: Evidence
A6: W1 | B6: Task fit | C6: Shape does not match the task | D6: Matches most tasks; gaps need workarounds | E6: Designed for exactly this task shape | F6: =Weights!H5 -> 15 | G6: 2 | H6: Multi-hop questions; vector retrieval returns fragments | I6: 5 | J6: Supplier → component → product → customer paths
A7: W2 | B7: Unit cost and elasticity | C7: Exceeds band at target volume, or super-linear without limits | D7: Within band today; tight at 10× | E7: Comfortably within band at 10× | F7: =Weights!H6 -> 10 | G7: 5 | H7: Near-zero floor with S3 Vectors | I7: 3 | J7: Aura floor + extraction cost; within B2
A8: W3 | B8: Complexity against team capacity | C8: ≥ 2 levels above capacity | D8: 1 level above, with funded support | E8: At or below capacity | F8: =Weights!H7 -> 10 | G8: 4 | H8: C2 matches team | I8: 2 | J8: C3 vs C2 team; needs Neo4j support
A9: W4 | B9: Service level headroom | C9: Only just meets tier; no degraded mode | D9: Meets tier with tested degraded mode | E9: Exceeds tier; failure modes understood | F9: =Weights!H8 -> 10 | G9: 4 | H9: Managed, degraded mode | I9: 3 | J9: Neo4j in serial path; degraded mode = vector-only
A10: W5 | B10: Data readiness gap | C10: Several Partial prerequisites on the critical path | D10: One Partial prerequisite with a credible plan | E10: All prerequisites Ready | F10: =Weights!H9 -> 10 | G10: 3 | H10: Contracts need curation | I10: 3 | J10: Spine ready; ontology owner partial
A11: W6 | B11: Evaluability | C11: Low; no scenario/human evaluation plan | D11: Medium; rubric plus human calibration | E11: High; golden set exists or is cheap | F11: =Weights!H10 -> 10 | G11: 4 | H11: Q&A golden set | I11: 3 | J11: Multi-hop set must be built
A12: W7 | B12: Explainability and auditability | C12: Below user/auditor need | D12: Meets need (citations or traces) | E12: Structured evidence beyond need | F12: =Weights!H11 -> 10 | G12: 3 | H12: Citations | I12: 5 | J12: Graph path as evidence
A13: W8 | B13: Lock-in / exit cost | C13: High; no mitigation | D13: Medium, or High with mitigations | E13: Low | F13: =Weights!H12 -> 5 | G13: 4 | H13: Data portable in S3 | I13: 2 | J13: Cypher/Neo4j specifics
A14: W9 | B14: Model-change resilience | C14: High sensitivity; no harness or fallback | D14: Medium; harness catches regressions | E14: Low; interchangeable fallbacks | F14: =Weights!H13 -> 5 | G14: 4 | H14: Low–medium | I14: 3 | J14: Re-extraction on model change
A15: W10 | B15: Human review load against capacity | C15: > 80% of reviewer capacity | D15: 50–80% of capacity | E15: < 50%, or no review needed | F15: =Weights!H14 -> 5 | G15: 5 | H15: None | I15: 3 | J15: Curation queue ~65% of steward capacity
A16: W11 | B16: Time to value | C16: Beyond the business deadline | D16: Meets deadline with little slack | E16: Well within deadline | F16: =Weights!H15 -> 5 | G16: 5 | H16: 4 weeks | I16: 2 | J16: ~4 months to production
A17: W12 | B17: Value measurability | C17: No baseline; qualitative only | D17: Baseline can be sampled | E17: Baseline exists; metric instrumented | F17: =Weights!H16 -> 5 | G17: 3 | H17: Sampled analyst time | I17: 4 | J17: Investigation time logged in case tool
E18: Total weight | F18: =SUM(F6:F17) -> 100
A19: Results
B20: Weighted score (20–100) | G20: =IF(COUNT(G6:G17)=0,"",SUMPRODUCT($F$6:$F$17,G6:G17)/5) -> 73 | I20: =IF(COUNT(I6:I17)=0,"",SUMPRODUCT($F$6:$F$17,I6:I17)/5) -> 67 | K20: =IF(COUNT(K6:K17)=0,"",SUMPRODUCT($F$6:$F$17,K6:K17)/5)
B21: Criteria scored | G21: =COUNT(G6:G17)&" / 12" -> 12 / 12 | I21: =COUNT(I6:I17)&" / 12" -> 12 / 12 | K21: =COUNT(K6:K17)&" / 12" -> 0 / 12
B22: Gate status | G22: =Gates!D13 -> ALL PASS | I22: =Gates!G13 -> ALL PASS | K22: =Gates!J13 -> ELIMINATED
B23: Task-fit cap (W1 ≤ 2) | G23: =IF(G6="","",IF(G6<=2,"YES: bake-off must meet quality target","No")) -> YES: bake-off must meet quality target | I23: =IF(I6="","",IF(I6<=2,"YES: bake-off must meet quality target","No")) -> No | K23: =IF(K6="","",IF(K6<=2,"YES: bake-off must meet quality target","No"))
B24: Low-score flags (score 1, weight ≥ 10) | G24: =SUMPRODUCT((G6:G17=1)*($F$6:$F$17>=10)) -> 0 | I24: =SUMPRODUCT((I6:I17=1)*($F$6:$F$17>=10)) -> 0 | K24: =SUMPRODUCT((K6:K17=1)*($F$6:$F$17>=10)) -> 0
B25: Band | G25: =IF(G20="","",IF(G20>=75,"Strong fit",IF(G20>=60,"Acceptable: record mitigations","Poor fit"))) -> Acceptable: record mitigations | I25: =IF(I20="","",IF(I20>=75,"Strong fit",IF(I20>=60,"Acceptable: record mitigations","Poor fit"))) -> Acceptable: record mitigations | K25: =IF(K20="","",IF(K20>=75,"Strong fit",IF(K20>=60,"Acceptable: record mitigations","Poor fit")))
B26: Eligible score (helper) | G26: =IF(AND(Problem!$B$22<>"",G22<>"ELIMINATED",COUNT(G6:G17)=12),G20,"") -> 73 | I26: =IF(AND(Problem!$B$23<>"",I22<>"ELIMINATED",COUNT(I6:I17)=12),I20,"") -> 67 | K26: =IF(AND(Problem!$B$24<>"",K22<>"ELIMINATED",COUNT(K6:K17)=12),K20,"")
B27: Rank among eligible | G27: =IF(G26="","",RANK(G26,$G$26:$K$26)) -> 1 | I27: =IF(I26="","",RANK(I26,$G$26:$K$26)) -> 2 | K27: =IF(K26="","",RANK(K26,$G$26:$K$26))
B28: Close call (top two within 5 pts) | G28: =IF(OR(G26="",COUNT($G$26:$K$26)<2),"",IF(G27>2,"",IF(LARGE($G$26:$K$26,1)-LARGE($G$26:$K$26,2)<=5,"YES: tie; decide on bake-off, prefer lower complexity","No"))) -> No | I28: =IF(OR(I26="",COUNT($G$26:$K$26)<2),"",IF(I27>2,"",IF(LARGE($G$26:$K$26,1)-LARGE($G$26:$K$26,2)<=5,"YES: tie; decide on bake-off, prefer lower complexity","No"))) -> No | K28: =IF(OR(K26="",COUNT($G$26:$K$26)<2),"",IF(K27>2,"",IF(LARGE($G$26:$K$26,1)-LARGE($G$26:$K$26,2)<=5,"YES: tie; decide on bake-off, prefer lower complexity","No")))
B29: VERDICT | G29: =IF(NOT(Problem!$B$22<>""),"",IF(G22="ELIMINATED","ELIMINATED: gate failure",IF(G22<>"ALL PASS","Gates incomplete",IF(Weights!$H$18<>"OK","Fix weights: must total 100",IF(COUNT(G6:G17)<12,"Scoring incomplete",IF(G6<=2,"TASK-FIT CAP (bake-off must meet quality target) · ","")&G25&IF(G24>0," · "&G24&" low-score flag(s) to mitigate","")))))) -> TASK-FIT CAP (bake-off must meet quality target) · Acceptable: record mitigations | I29: =IF(NOT(Problem!$B$23<>""),"",IF(I22="ELIMINATED","ELIMINATED: gate failure",IF(I22<>"ALL PASS","Gates incomplete",IF(Weights!$H$18<>"OK","Fix weights: must total 100",IF(COUNT(I6:I17)<12,"Scoring incomplete",IF(I6<=2,"TASK-FIT CAP (bake-off must meet quality target) · ","")&I25&IF(I24>0," · "&I24&" low-score flag(s) to mitigate","")))))) -> Acceptable: record mitigations | K29: =IF(NOT(Problem!$B$24<>""),"",IF(K22="ELIMINATED","ELIMINATED: gate failure",IF(K22<>"ALL PASS","Gates incomplete",IF(Weights!$H$18<>"OK","Fix weights: must total 100",IF(COUNT(K6:K17)<12,"Scoring incomplete",IF(K6<=2,"TASK-FIT CAP (bake-off must meet quality target) · ","")&K25&IF(K24>0," · "&K24&" low-score flag(s) to mitigate","")))))) -> ELIMINATED: gate failure

Sheet Validation
A1: Stage 3: Validation (bake-off and quality attribute scenarios)
A2: Enter targets and results. 'Better is' sets the comparison.
D4: =IF(Problem!$B$22="","Candidate A",Problem!$B$22) -> P04 Managed RAG (Bedrock Knowledge Bases) | F4: =IF(Problem!$B$23="","Candidate B",Problem!$B$23) -> P06 Knowledge graph RAG with Neo4j | H4: =IF(Problem!$B$24="","Candidate C",Problem!$B$24) -> P08 Tool-using agent (bounded autonomy)
A5: Check | B5: Better is | C5: Target | D5: Result | E5: Met? | F5: Result | G5: Met? | H5: Result | I5: Met?
A6: Quality on golden set (fraction correct; multi-hop / scenario subset where relevant) | B6: Higher | C6: 0.8 | D6: 0.41 | E6: =IF(OR(D6="",$C6=""),"",IF($B6="Higher",IF(D6>=$C6,"✓ Met","✗ Not met"),IF($B6="Lower",IF(D6<=$C6,"✓ Met","✗ Not met"),IF(D6="PASS","✓ Met","✗ Not met")))) -> ✗ Not met | F6: 0.82 | G6: =IF(OR(F6="",$C6=""),"",IF($B6="Higher",IF(F6>=$C6,"✓ Met","✗ Not met"),IF($B6="Lower",IF(F6<=$C6,"✓ Met","✗ Not met"),IF(F6="PASS","✓ Met","✗ Not met")))) -> ✓ Met | I6: =IF(OR(H6="",$C6=""),"",IF($B6="Higher",IF(H6>=$C6,"✓ Met","✗ Not met"),IF($B6="Lower",IF(H6<=$C6,"✓ Met","✗ Not met"),IF(H6="PASS","✓ Met","✗ Not met"))))
A7: Cost per transaction at target volume ($) | B7: Lower | C7: 0.05 | D7: 0.012 | E7: =IF(OR(D7="",$C7=""),"",IF($B7="Higher",IF(D7>=$C7,"✓ Met","✗ Not met"),IF($B7="Lower",IF(D7<=$C7,"✓ Met","✗ Not met"),IF(D7="PASS","✓ Met","✗ Not met")))) -> ✓ Met | F7: 0.031 | G7: =IF(OR(F7="",$C7=""),"",IF($B7="Higher",IF(F7>=$C7,"✓ Met","✗ Not met"),IF($B7="Lower",IF(F7<=$C7,"✓ Met","✗ Not met"),IF(F7="PASS","✓ Met","✗ Not met")))) -> ✓ Met | I7: =IF(OR(H7="",$C7=""),"",IF($B7="Higher",IF(H7>=$C7,"✓ Met","✗ Not met"),IF($B7="Lower",IF(H7<=$C7,"✓ Met","✗ Not met"),IF(H7="PASS","✓ Met","✗ Not met"))))
A8: Cost per transaction at 10× volume ($) | B8: Lower | C8: 0.05 | D8: 0.012 | E8: =IF(OR(D8="",$C8=""),"",IF($B8="Higher",IF(D8>=$C8,"✓ Met","✗ Not met"),IF($B8="Lower",IF(D8<=$C8,"✓ Met","✗ Not met"),IF(D8="PASS","✓ Met","✗ Not met")))) -> ✓ Met | F8: 0.024 | G8: =IF(OR(F8="",$C8=""),"",IF($B8="Higher",IF(F8>=$C8,"✓ Met","✗ Not met"),IF($B8="Lower",IF(F8<=$C8,"✓ Met","✗ Not met"),IF(F8="PASS","✓ Met","✗ Not met")))) -> ✓ Met | I8: =IF(OR(H8="",$C8=""),"",IF($B8="Higher",IF(H8>=$C8,"✓ Met","✗ Not met"),IF($B8="Lower",IF(H8<=$C8,"✓ Met","✗ Not met"),IF(H8="PASS","✓ Met","✗ Not met"))))
A9: p95 time-to-first-token (s) | B9: Lower | C9: 2 | D9: 1.4 | E9: =IF(OR(D9="",$C9=""),"",IF($B9="Higher",IF(D9>=$C9,"✓ Met","✗ Not met"),IF($B9="Lower",IF(D9<=$C9,"✓ Met","✗ Not met"),IF(D9="PASS","✓ Met","✗ Not met")))) -> ✓ Met | F9: 1.9 | G9: =IF(OR(F9="",$C9=""),"",IF($B9="Higher",IF(F9>=$C9,"✓ Met","✗ Not met"),IF($B9="Lower",IF(F9<=$C9,"✓ Met","✗ Not met"),IF(F9="PASS","✓ Met","✗ Not met")))) -> ✓ Met | I9: =IF(OR(H9="",$C9=""),"",IF($B9="Higher",IF(H9>=$C9,"✓ Met","✗ Not met"),IF($B9="Lower",IF(H9<=$C9,"✓ Met","✗ Not met"),IF(H9="PASS","✓ Met","✗ Not met"))))
A10: p95 end-to-end latency (s) | B10: Lower | C10: 15 | D10: 6.5 | E10: =IF(OR(D10="",$C10=""),"",IF($B10="Higher",IF(D10>=$C10,"✓ Met","✗ Not met"),IF($B10="Lower",IF(D10<=$C10,"✓ Met","✗ Not met"),IF(D10="PASS","✓ Met","✗ Not met")))) -> ✓ Met | F10: 9.8 | G10: =IF(OR(F10="",$C10=""),"",IF($B10="Higher",IF(F10>=$C10,"✓ Met","✗ Not met"),IF($B10="Lower",IF(F10<=$C10,"✓ Met","✗ Not met"),IF(F10="PASS","✓ Met","✗ Not met")))) -> ✓ Met | I10: =IF(OR(H10="",$C10=""),"",IF($B10="Higher",IF(H10>=$C10,"✓ Met","✗ Not met"),IF($B10="Lower",IF(H10<=$C10,"✓ Met","✗ Not met"),IF(H10="PASS","✓ Met","✗ Not met"))))
A11: Scenario 1: e.g. primary-Region throttling at peak → cited search results within 3 s | B11: PASS | C11: PASS | D11: PASS | E11: =IF(OR(D11="",$C11=""),"",IF($B11="Higher",IF(D11>=$C11,"✓ Met","✗ Not met"),IF($B11="Lower",IF(D11<=$C11,"✓ Met","✗ Not met"),IF(D11="PASS","✓ Met","✗ Not met")))) -> ✓ Met | F11: PASS | G11: =IF(OR(F11="",$C11=""),"",IF($B11="Higher",IF(F11>=$C11,"✓ Met","✗ Not met"),IF($B11="Lower",IF(F11<=$C11,"✓ Met","✗ Not met"),IF(F11="PASS","✓ Met","✗ Not met")))) -> ✓ Met | I11: =IF(OR(H11="",$C11=""),"",IF($B11="Higher",IF(H11>=$C11,"✓ Met","✗ Not met"),IF($B11="Lower",IF(H11<=$C11,"✓ Met","✗ Not met"),IF(H11="PASS","✓ Met","✗ Not met"))))
A12: Scenario 2: e.g. user without entitlement → no restricted content retrieved | B12: PASS | C12: PASS | D12: PASS | E12: =IF(OR(D12="",$C12=""),"",IF($B12="Higher",IF(D12>=$C12,"✓ Met","✗ Not met"),IF($B12="Lower",IF(D12<=$C12,"✓ Met","✗ Not met"),IF(D12="PASS","✓ Met","✗ Not met")))) -> ✓ Met | F12: PASS | G12: =IF(OR(F12="",$C12=""),"",IF($B12="Higher",IF(F12>=$C12,"✓ Met","✗ Not met"),IF($B12="Lower",IF(F12<=$C12,"✓ Met","✗ Not met"),IF(F12="PASS","✓ Met","✗ Not met")))) -> ✓ Met | I12: =IF(OR(H12="",$C12=""),"",IF($B12="Higher",IF(H12>=$C12,"✓ Met","✗ Not met"),IF($B12="Lower",IF(H12<=$C12,"✓ Met","✗ Not met"),IF(H12="PASS","✓ Met","✗ Not met"))))
A13: Scenario 3: e.g. model upgrade → evaluation regression caught before release | B13: PASS | C13: PASS | D13: PASS | E13: =IF(OR(D13="",$C13=""),"",IF($B13="Higher",IF(D13>=$C13,"✓ Met","✗ Not met"),IF($B13="Lower",IF(D13<=$C13,"✓ Met","✗ Not met"),IF(D13="PASS","✓ Met","✗ Not met")))) -> ✓ Met | F13: PASS | G13: =IF(OR(F13="",$C13=""),"",IF($B13="Higher",IF(F13>=$C13,"✓ Met","✗ Not met"),IF($B13="Lower",IF(F13<=$C13,"✓ Met","✗ Not met"),IF(F13="PASS","✓ Met","✗ Not met")))) -> ✓ Met | I13: =IF(OR(H13="",$C13=""),"",IF($B13="Higher",IF(H13>=$C13,"✓ Met","✗ Not met"),IF($B13="Lower",IF(H13<=$C13,"✓ Met","✗ Not met"),IF(H13="PASS","✓ Met","✗ Not met"))))
A15: Checks met | D15: =COUNTIF(E6:E13,"✓ Met")&" of "&(COUNTA(D6:D13))&" tested" -> 7 of 8 tested | F15: =COUNTIF(G6:G13,"✓ Met")&" of "&(COUNTA(F6:F13))&" tested" -> 8 of 8 tested | H15: =COUNTIF(I6:I13,"✓ Met")&" of "&(COUNTA(H6:H13))&" tested" -> 0 of 0 tested
A16: Task-fit cap outcome | D16: =IF(LEFT(Scoring!G23,3)<>"YES","n/a (no cap)",IF(E6="","Awaiting quality result",IF(E6="✓ Met","Cap lifted: quality target met","Cap stands: do not select"))) -> Cap stands: do not select | F16: =IF(LEFT(Scoring!I23,3)<>"YES","n/a (no cap)",IF(G6="","Awaiting quality result",IF(G6="✓ Met","Cap lifted: quality target met","Cap stands: do not select"))) -> n/a (no cap) | H16: =IF(LEFT(Scoring!K23,3)<>"YES","n/a (no cap)",IF(I6="","Awaiting quality result",IF(I6="✓ Met","Cap lifted: quality target met","Cap stands: do not select"))) -> n/a (no cap)
A18: Decision (pattern(s) and evidence) | B18: P06 with the graph built by a P02 pipeline. P04 hit the task-fit cap and scored 41% on the multi-hop set (target 80%); P06 prototype scored 82%. Mitigations: Neo4j specialist support (W3), openCypher-compatible templated queries (W8), phased delivery with P04 for single-document questions in month 1 (W11). Figures are illustrative.

Sheet PIR
A1: Stage 4: Post-implementation review
A2: 3–6 months after go-live. Variance = (actual − estimate) ÷ estimate.
A4: Measure | B4: Unit | C4: Selection-time estimate | D4: Actual | E4: Variance | F4: Action / change to pattern ratings
A5: Unit cost P50 | B5: $ / transaction | E5: =IF(OR(C5="",D5="",C5=0),"",(D5-C5)/C5)
A6: Unit cost P95 | B6: $ / transaction | E6: =IF(OR(C6="",D6="",C6=0),"",(D6-C6)/C6)
A7: Composite availability | B7: % | E7: =IF(OR(C7="",D7="",C7=0),"",(D7-C7)/C7)
A8: p95 end-to-end latency | B8: s | E8: =IF(OR(C8="",D8="",C8=0),"",(D8-C8)/C8)
A9: Quality SLI | B9: % | E9: =IF(OR(C9="",D9="",C9=0),"",(D9-C9)/C9)
A10: Override / escalation rate | B10: % | E10: =IF(OR(C10="",D10="",C10=0),"",(D10-C10)/C10)
A11: Review queue load | B11: % of capacity | E11: =IF(OR(C11="",D11="",C11=0),"",(D11-C11)/C11)
A12: Value metric | B12: as defined | E12: =IF(OR(C12="",D12="",C12=0),"",(D12-C12)/C12)

Sheet Pattern Ratings
A1: Published pattern ratings (reference)
A2: From ai-patterns/README.md. Numeric columns (grey) drive the gate hints. Update when the catalogue changes.
A4: ID | B4: Pattern | C4: Label (used in dropdowns) | D4: Budget | E4: Complexity | F4: Max service level | G4: Max consequence | H4: Data demand | I4: Evaluability | J4: Cost elasticity | K4: Lock-in | L4: Explainability | M4: Regulatory fit | N4: Model-change sensitivity | O4: Human review | P4: Min budget band # | Q4: Min complexity # | R4: Max SL # | S4: Max E # (with controls) | T4: Max R # (with controls)
A5: P01 | B5: Serverless model invocation | C5: =A5&" "&B5 -> P01 Serverless model invocation | D5: B1–B2 | E5: C1 | F5: SL2 (SL3 with uplift) | G5: E2 (E3 if every output reviewed) | H5: Low | I5: High | J5: Linear | K5: Low | L5: Low | M5: R1 (R2 assistive only) | N5: Medium | O5: None/Low | P5: 1 | Q5: 1 | R5: 3 | S5: 3 | T5: 2
A6: P02 | B6: Batch AI enrichment pipeline | C6: =A6&" "&B6 -> P02 Batch AI enrichment pipeline | D6: B1–B3 | E6: C2 | F6: SL2 (throughput) | G6: E3 (with review queue) | H6: Medium | I6: High | J6: Linear | K6: Low / High (Cortex) | L6: Medium | M6: R2 (with review) | N6: Medium | O6: Medium | P6: 1 | Q6: 2 | R6: 2 | S6: 3 | T6: 2
A7: P03 | B7: In-warehouse AI and prototyping (Snowflake) | C7: =A7&" "&B7 -> P03 In-warehouse AI and prototyping (Snowflake) | D7: B1–B2 | E7: C1 | F7: SL1 (SL2 internal) | G7: E1–E2 | H7: Medium | I7: Medium | J7: Linear | K7: High | L7: Medium | M7: R0–R1 | N7: Low–Medium | O7: None | P7: 1 | Q7: 1 | R7: 2 | S7: 2 | T7: 1
A8: P04 | B8: Managed RAG (Bedrock Knowledge Bases) | C8: =A8&" "&B8 -> P04 Managed RAG (Bedrock Knowledge Bases) | D8: B1–B2 | E8: C2 | F8: SL2 | G8: E2 (E3 advisory) | H8: Medium | I8: Medium | J8: Linear | K8: Medium | L8: Medium | M8: R1 (R2 assistive) | N8: Low–Medium | O8: Low | P8: 1 | Q8: 2 | R8: 2 | S8: 3 | T8: 2
A9: P05 | B9: Enterprise RAG platform | C9: =A9&" "&B9 -> P05 Enterprise RAG platform | D9: B3–B4 | E9: C3–C4 | F9: SL3 | G9: E3 advisory | H9: High | I9: Medium–High | J9: Sub-linear | K9: Low–Medium | L9: Medium | M9: R1 (R2 assistive) | N9: Low | O9: Low | P9: 3 | Q9: 3 | R9: 3 | S9: 3 | T9: 2
A10: P06 | B10: Knowledge graph RAG with Neo4j | C10: =A10&" "&B10 -> P06 Knowledge graph RAG with Neo4j | D10: B2–B3 | E10: C3 | F10: SL2–SL3 (by Neo4j tier) | G10: E3 advisory | H10: High | I10: Medium | J10: Sub-linear (serving) | K10: Medium–High | L10: High | M10: R2 assistive | N10: Medium | O10: Medium | P10: 2 | Q10: 3 | R10: 3 | S10: 3 | T10: 2
A11: P07 | B11: Orchestrated agentic workflow | C11: =A11&" "&B11 -> P07 Orchestrated agentic workflow | D11: B1–B2 | E11: C2–C3 | F11: SL2 (SL3 feasible) | G11: E3–E4 (approval bands) | H11: Medium | I11: High | J11: Linear | K11: Low–Medium | L11: High | M11: R2 best fit | N11: Low | O11: Medium–High | P11: 1 | Q11: 2 | R11: 3 | S11: 4 | T11: 2
A12: P08 | B12: Tool-using agent (bounded autonomy) | C12: =A12&" "&B12 -> P08 Tool-using agent (bounded autonomy) | D12: B2–B3 | E12: C3–C4 | F12: SL2 | G12: E2 (E3 with confirmed writes) | H12: Medium–High | I12: Low | J12: Super-linear | K12: Medium | L12: Low–Medium | M12: R1 | N12: High | O12: Low–Medium | P12: 2 | Q12: 3 | R12: 2 | S12: 3 | T12: 1
A13: P09 | B13: Conversational analytics | C13: =A13&" "&B13 -> P09 Conversational analytics | D13: B1–B2 | E13: C2 | F13: SL2 | G13: E2 (E3 with verification) | H13: High | I13: High | J13: Linear | K13: High (A) / Medium (B) | L13: High | M13: R1 | N13: Low–Medium | O13: Low | P13: 1 | Q13: 2 | R13: 2 | S13: 3 | T13: 1
A14: P10 | B14: Customised and self-hosted models | C14: =A14&" "&B14 -> P10 Customised and self-hosted models | D14: B3–B4 | E14: C4 | F14: SL3 | G14: Inherits host pattern | H14: High | I14: High | J14: Sub-linear at high utilisation | K14: Low–High | L14: Low | M14: Adds training-data obligations | N14: Self-owned lifecycle | O14: Low | P14: 3 | Q14: 4 | R14: 3 | S14: Inherits | T14: Inherits
A15: P11 | B15: Predictive ML with a generative interface | C15: =A15&" "&B15 -> P11 Predictive ML with a generative interface | D15: B2–B3 | E15: C3 | F15: SL3 (scoring path) | G15: E4 (with human oversight) | H15: High | I15: High | J15: Sub-linear | K15: Low–Medium | L15: High | M15: R2 best fit | N15: Low | O15: Medium | P15: 2 | Q15: 3 | R15: 3 | S15: 4 | T15: 2
